cast,ind
Loretta Devine,1
Adam Sandler,2
Kevin James,3
Chris Rock,4
David Spade,5
Rob Schneider,6
Salma Hayek,7
Maya Rudolph,8
Colin Quinn,9
Grey Griffin,10
Tom Kenny,11
Fred Tatasciore,12
Lynn Whitfield,13
Nicole Byer,14
Woody Harrelson,15
David Harbour,16
Gary Cole,17
Samuel L. Jackson,18
Martin Lawrence,19
Nia Long,20
Glenn Close,21
Andy Richter,22
David Koechner,23
Molly Shannon,24
Ben Stiller,25
William H. Macy,26
Janeane Garofalo,27
Bruce Willis,28
Eddie Murphy,29
James Franco,30
Seth Rogen,31
Jada Pinkett Smith,32
Dave Chappelle,33
Mike Epps,34
Cedric the Entertainer,35
John Malkovich,36
Uzo Aduba,37
David Oyelowo,38
Rosario Dawson,39
Elizabeth Banks,40
Jorge Diaz,41
Tara Strong,42
Ashley Greene,43
Alec Baldwin,44
Tracy Morgan,45
Jane Krakowski,46
Oliver Platt,47
Julianne Moore,48
Anthony Mackie,49
John C. Reilly,50
Danny McBride,51
Kevin Corrigan,52
John Leguizamo,53
Michael Peña,54
Kathy Bates,55
Jamie Foxx,56
Taylor Lautner,57
Steven Yeun,58
Frank Grillo,59
Kristen Stewart,60
Robert Pattinson,61
Peter Facinelli,62
Elizabeth Reaser,63
Nikki Reed,64
Jackson Rathbone,65
Lake Bell,66
Judy Greer,67
Andy Samberg,68
Will Forte,69
Kate Berlant,70
Kate Walsh,71
Mike Myers,72
Seth Green,73
Will Ferrell,74
Laura Linney,75
Jack Whitehall,76
Jon Lovitz,77
Lacey Chabert,78
Will Smith,79
Jay Baruchel,80
T.J. Miller,81
Marc Maron,82
Toby Huss,83
Leslie Bibb,84
Jane Lynch,85
Jason Mantzoukas,86
Scoot McNairy,87
Sam Shepard,88
Stephen Lang,89
Keith David,90
Fortune Feimster,91
Enrique Murciano,92
Kevin Hart,93
Paul Reiser,94
Jacki Weaver,95
Shea Whigham,96
Theo Rossi,97
Marlon Wayans,98
Affion Crockett,99
Gabriel Iglesias,100
John Travolta,101
Anthony Anderson,102
Steve Buscemi,103
Mike Colter,104
Michael Jai White,105
Ken Jeong,106
Tituss Burgess,107
Aaron Paul,108
Bobby Cannavale,109
Carlos Alazraqui,110
Chris Parnell,111
Kevin Michael Richardson,112
Dermot Mulroney,113
T.I.,114
Jennifer Ehle,115
Tim Blake Nelson,116
Josh Charles,117
Ron Perlman,118
Zach Galifianakis,119
Matt Walsh,120
John Michael Higgins,121
David Schwimmer,122
Noah Centineo,123
Selma Blair,124
Gugu Mbatha-Raw,125
Tony Hale,126
Jesse Plemons,127
Paul Rudd,128
Michelle Buteau,129
Tiffany Haddish,130
Kari Wahlgren,131
Nat Faxon,132
Sydney Park,133
Amy Poehler,134
Adam Scott,135
Lili Taylor,136
Deon Cole,137
Gerard Butler,138
Amber Frank,139
Jonathan Bailey,140
Cuba Gooding Jr.,141
Michael Shannon,142
Andrea Riseborough,143
Keegan-Michael Key,144
Bailey Gambertoglio,145
Darcy Rose Byrnes,146
John Mulaney,147
Fred Armisen,148
Jay Gragnani,149
Ramone Hamilton,150
Sean Astin,151
Dayci Brookshire,152
Amy Sedaris,153
Zach Callison,154
Dee Bradley Baker,155
Nicole Sullivan,156
Terry Crews,157
Sarah Paulson,158
Taissa Farmiga,159
Zachary Quinto,160
Vincent Tong,161
Andrew Bachelor,162
Jon Hamm,163
Christopher Mintz-Plasse,164
Nolan North,165
Riley Keough,166
Ken Marino,167
Jake Johnson,168
Ron Funches,169
Natasha Leggero,170
Nick Swardson,171
Jim Gaffigan,172
Jeff Bennett,173
Alison Brie,174
Ben Schwartz,175
Blair Underwood,176
Patton Oswalt,177
Lauren Lapkus,178
Jerry Seinfeld,179
Mike Birbiglia,180
Maria Bamford,181
Chris D'Elia,182
Iliza Shlesinger,183
Jay Duplass,184
Jason Schwartzman,185
Jeff Dunham,186
Grey DeLisle,187
Eric Idle,188
John Cleese,189
Terry Gilliam,190
Terry Jones,191
Michael Palin,192
Graham Chapman,193
Álvaro Cervantes,194
Javier Rey,195
Javier Gutiérrez,196
Karra Elejalde,197
Luis Tosar,198
Mario Casas,199
Carmen Machi,200
